,Model,Best Parameters,Accuracy,Precision,Recall,F1-Score
0,Multinomial Naive Bayes,{'alpha': 0.1},0.21782178217821782,0.22045949164204812,0.21782178217821782,0.2094482873689145
1,k-Nearest Neighbors,"{'n_neighbors': 3, 'weights': 'uniform'}",0.23267326732673269,0.184868237401763,0.23267326732673269,0.18662820076645092
2,Random Forest,"{'max_depth': 10, 'n_estimators': 50}",0.21782178217821782,0.22439651339256755,0.21782178217821782,0.2136194702776061
3,Decision Tree,"{'criterion': 'entropy', 'max_depth': 10}",0.21947194719471946,0.22514503061848096,0.21947194719471946,0.2158313126200418
4,MLP Classifier (Neural Network),"{'activation': 'relu', 'hidden_layer_sizes': (100,), 'solver': 'sgd'}",0.1782178217821782,0.1857950702848448,0.1782178217821782,0.16774381293564963
